year,valid_ratio,missing_ratio,missing_ratio(%)
2010,0.31875,0.68125,68.1
2011,0.275,0.725,72.5
2012,0.2875,0.7125,71.2
2013,0.29375,0.70625,70.6
2014,0.35,0.65,65.0
2015,0.475,0.525,52.5
2016,0.475,0.525,52.5
2017,0.53125,0.46875,46.9
2018,0.5125,0.48750000000000004,48.8
2019,0.575,0.42500000000000004,42.5
2020,0.54375,0.45625000000000004,45.6
2021,0.64375,0.35624999999999996,35.6
2022,0.5875,0.4125,41.2
2023,0.60625,0.39375000000000004,39.4
2024,0.44375,0.55625,55.6
